forage_number,nn_rule,level,det,rmi,ood,steps,n_unique
1,0,_level_1,0.1033487297921478,0.5206206038732258,2,1343,17
1,0,_level_2,0.3530598520511096,0.6524650997844963,1,1043,33
1,1,_level_1,0.11437626044367616,0.5541001513537535,2,1319,17
1,1,_level_2,0.9314194577352471,0.897230493502368,1,914,32
1,2,_level_1,0.1844741235392321,0.5054164540263545,1,1477,66
1,2,_level_2,0.9166666666666666,0.9320932394382676,1,918,24
1,3,_level_1,0.1981605351170569,0.6162087419637842,1,1574,59
1,3,_level_2,0.9046979865771811,0.944205095546676,1,918,26
1,4,_level_1,0.1608695652173913,0.5340977045164276,1,1617,52
1,4,_level_2,0.8686868686868687,0.9439491358549096,1,913,24
1,5,_level_1,0.15964912280701754,0.5567423381169222,1,1645,52
1,5,_level_2,0.7108585858585859,0.9284824209530532,1,896,24
2,0,_level_1,0.07900028727377191,0.47262906261014714,1,1385,17
2,0,_level_2,0.6598101265822784,0.7756904227220589,1,1019,61
2,1,_level_1,0.0894874022589053,0.5128397018759878,2,1323,17
2,1,_level_2,0.9043062200956936,0.929485140694986,1,909,32
2,2,_level_1,0.3874445149017121,0.6055688124761361,1,1480,64
2,2,_level_2,0.851010101010101,0.9234230996611866,1,915,24
2,3,_level_1,0.1870967741935484,0.5419334658575357,1,1576,60
2,3,_level_2,0.9416445623342176,0.9260025752906272,1,924,26
2,4,_level_1,0.1485148514851485,0.49045175503997895,1,1669,53
2,4,_level_2,0.8345959595959596,0.958532865117963,1,911,24
2,5,_level_1,0.12334801762114538,0.5144130735032939,1,1636,54
2,5,_level_2,0.7878787878787878,0.9472990520008406,1,899,24
3,0,_level_1,0.18721198156682028,0.5652731719731381,2,1351,17
3,0,_level_2,0.38058252427184464,0.6516607646207209,1,1014,64
3,1,_level_1,0.13865667339290863,0.6137615226674689,2,1335,17
3,1,_level_2,0.9808612440191388,0.9510910438875668,1,922,32
3,2,_level_1,0.22502030869212025,0.5499189185517903,1,1439,64
3,2,_level_2,0.9053030303030304,0.9573920531946511,1,919,24
3,3,_level_1,0.24192059095106183,0.6071537424506086,1,1583,59
3,3,_level_2,0.953083109919571,0.9584491390216524,1,903,26
3,4,_level_1,0.16052631578947368,0.4869454908816896,1,1590,53
3,4,_level_2,0.8106060606060606,0.9060411688505192,1,917,24
3,5,_level_1,0.17860016090104586,0.5272571037810916,1,1599,50
3,5,_level_2,0.7323232323232324,0.92084429332941,1,900,24
4,0,_level_1,0.24402189570728897,0.6729510207322424,2,1286,17
4,0,_level_2,0.5269058295964125,0.6695984692418249,1,1026,47
4,1,_level_1,0.14946516334200635,0.5024010337995453,1,1326,17
4,1,_level_2,0.9309262166405023,0.905942266585795,1,920,32
4,2,_level_1,0.17916337805840568,0.4571436922484716,1,1479,64
4,2,_level_2,0.6823979591836735,0.9105348723896552,1,917,25
4,3,_level_1,0.2248134328358209,0.6012196306319656,1,1549,55
4,3,_level_2,0.9543624161073826,0.9662646914363078,1,902,26
4,4,_level_1,0.12386457473162676,0.505739225368417,1,1644,53
4,4,_level_2,0.8131313131313131,0.8615158527429738,1,915,25
4,5,_level_1,0.20614035087719296,0.5552599278914614,1,1608,53
4,5,_level_2,0.8181818181818182,0.9425366705147354,1,902,24
5,0,_level_1,0.11220074992789154,0.5368344115345411,2,1352,17
5,0,_level_2,0.3665283540802213,0.6379979093364897,1,1025,48
5,1,_level_1,0.19160636758321273,0.6084468132832827,2,1307,17
5,1,_level_2,0.9308681672025724,0.8964040555146446,1,925,32
5,2,_level_1,0.11604095563139932,0.47021222010808594,1,1480,65
5,2,_level_2,0.8888888888888888,0.9058692701647684,1,920,24
5,3,_level_1,0.2192846034214619,0.6139498302720839,1,1552,57
5,3,_level_2,0.949868073878628,0.9661998278063176,1,912,26
5,4,_level_1,0.2754777070063694,0.5297703103097455,1,1618,51
5,4,_level_2,0.7954545454545454,0.8916046393296323,1,911,24
5,5,_level_1,0.19437551695616212,0.5509702718371194,1,1612,52
5,5,_level_2,0.7424242424242424,0.887407881913415,1,897,24
6,0,_level_1,0.1805314846909301,0.6348582970467357,2,1331,17
6,0,_level_2,0.41395793499043976,0.7749897524263297,1,1014,49
6,1,_level_1,0.13837744533947066,0.5829377530294371,2,1345,17
6,1,_level_2,0.930756843800322,0.905046189684442,1,916,32
6,2,_level_1,0.25317373957199857,0.6468621494543474,1,1424,53
6,2,_level_2,0.7411616161616161,0.9400501592511948,2,917,24
6,3,_level_1,0.24881291547958215,0.581707448807771,1,1565,63
6,3,_level_2,0.8905013192612137,0.937189704989058,1,908,26
6,4,_level_1,0.1718882303132938,0.5149095858803555,1,1618,51
6,4,_level_2,0.8409090909090909,0.9274392972887128,1,911,24
6,5,_level_1,0.2407843137254902,0.6226944096605734,1,1636,51
6,5,_level_2,0.648989898989899,0.868001409838792,1,890,24
7,0,_level_1,0.06765604539502401,0.4602806250681313,1,1415,34
7,0,_level_2,0.38585858585858585,0.6899765814617868,1,1010,62
7,1,_level_1,0.3030478955007257,0.7018593411789317,2,1274,17
7,1,_level_2,0.8592,0.8816198525748041,1,925,32
7,2,_level_1,0.14127906976744187,0.5015937719335799,1,1485,57
7,2,_level_2,0.8914141414141414,0.944122255534497,1,919,24
7,3,_level_1,0.13651877133105805,0.5082328355390345,1,1605,60
7,3,_level_2,0.9247027741083224,0.9479076142541264,1,917,26
7,4,_level_1,0.25562817719680464,0.6529197728237605,1,1608,49
7,4,_level_2,0.8522727272727273,0.8958336488272977,1,911,24
7,5,_level_1,0.2360097323600973,0.5832130546356566,1,1611,51
7,5,_level_2,0.6818181818181818,0.8998197652025385,1,901,24
8,0,_level_1,0.0834054834054834,0.41476735012690913,1,1345,17
8,0,_level_2,0.812617702448211,0.8846039397765605,1,1046,27
8,1,_level_1,0.15038893690579083,0.5759308336082543,2,1377,17
8,1,_level_2,0.9109697933227344,0.9147805408635268,1,937,32
8,2,_level_1,0.1802030456852792,0.5507838623499342,1,1486,65
8,2,_level_2,0.8093434343434344,0.9461195925195786,2,917,24
8,3,_level_1,0.13288069835111543,0.5588574218395066,1,1563,59
8,3,_level_2,0.9098143236074272,0.961257950711348,1,918,26
8,4,_level_1,0.21150592216582065,0.6144906524289455,1,1611,53
8,4,_level_2,0.8093434343434344,0.904213391498868,1,914,24
8,5,_level_1,0.16476774758983348,0.5336575284216263,1,1643,54
8,5,_level_2,0.8207070707070707,0.9270941464833776,1,901,25
9,0,_level_1,0.24257282953562156,0.7172862225641088,2,1286,17
9,0,_level_2,0.28054298642533937,0.6567684034070014,1,1011,49
9,1,_level_1,0.15716753022452504,0.5783995079773063,2,1311,17
9,1,_level_2,0.8530805687203792,0.9267329822020556,1,916,32
9,2,_level_1,0.21953065859197576,0.5731422030653897,1,1455,64
9,2,_level_2,0.7954545454545454,0.9590620475706152,2,919,24
9,3,_level_1,0.2,0.595957458542289,1,1574,58
9,3,_level_2,0.93360433604336035,0.9235576609192836,1,916,27
9,4,_level_1,0.188646288209607,0.5269974557547122,1,1628,52
9,4,_level_2,0.8308080808080808,0.928493433944011,1,906,24
9,5,_level_1,0.1446099912357581,0.4748985779945821,1,1656,54
9,5,_level_2,0.7247474747474747,0.8762714092450534,1,894,24
10,0,_level_1,0.1943881978594157,0.5649574315284361,2,1312,17
10,0,_level_2,0.2642073778664008,0.6665770829383584,1,1015,47
10,1,_level_1,0.09229442208165611,0.46181868691427497,1,1346,17
10,1,_level_2,0.9056,0.922069575795762,1,925,32
10,2,_level_1,0.1839541547277937,0.5708081649315702,1,1449,48
10,2,_level_2,0.8068181818181818,0.935563405808238,1,919,24
10,3,_level_1,0.1850431447746884,0.5388628071085841,1,1591,59
10,3,_level_2,0.9238985313751668,0.9474689044442368,1,920,26
10,4,_level_1,0.10973451327433628,0.469784105747224,1,1633,53
10,4,_level_2,0.8106060606060606,0.8860302671018294,1,904,25
10,5,_level_1,0.2,0.5267455263171187,1,1615,52
10,5,_level_2,0.702020202020202,0.9327310540568718,2,894,24
11,0,_level_1,0.34316814666284734,0.7625604809532829,2,1267,17
11,0,_level_2,0.6513513513513514,0.7676126265992171,1,1021,46
11,1,_level_1,0.2050691244239631,0.6514694664335575,2,1289,17
11,1,_level_2,0.9257503949447078,0.9374139783963352,1,923,32
11,2,_level_1,0.23931623931623933,0.5235553265891387,1,1495,64
11,2,_level_2,0.7689393939393939,0.8987088376724013,1,918,24
11,3,_level_1,0.1366223908918406,0.5091123381056537,1,1559,63
11,3,_level_2,0.9090909090909092,0.9234208918945684,1,917,26
11,4,_level_1,0.21496815286624205,0.5457189371484863,1,1653,53
11,4,_level_2,0.8308080808080808,0.9064684049973584,1,912,25
11,5,_level_1,0.15289982425307558,0.5252671012240584,1,1602,52
11,5,_level_2,0.8232323232323232,0.9092394344941628,1,902,24
12,0,_level_1,0.21449108683151236,0.6498138646273203,2,1324,17
12,0,_level_2,0.45758564437194127,0.8126359380414812,1,1037,31
12,1,_level_1,0.20161756210283072,0.7068201635529704,2,1303,17
12,1,_level_2,0.8998410174880763,0.9079865933236588,1,922,32
12,2,_level_1,0.19055745164960183,0.5898635204426496,1,1472,60
12,2,_level_2,0.7462121212121212,0.913993354170316,1,917,24
12,3,_level_1,0.10950819672131148,0.47630173346505456,1,1562,58
12,3,_level_2,0.9522546419098143,0.9663080421425104,1,914,26
12,4,_level_1,0.22668810289389069,0.5409212677146091,1,1651,53
12,4,_level_2,0.8232323232323232,0.957939390641913,1,909,24
12,5,_level_1,0.1546134663341646,0.5344457918191058,1,1596,53
12,5,_level_2,0.6212121212121212,0.9455258034066066,2,899,24
13,0,_level_1,0.23424460431654676,0.7343174340519814,2,1268,17
13,0,_level_2,0.5119266055045871,0.7609196212287199,1,1042,33
13,1,_level_1,0.20405797101449272,0.639408188955837,2,1311,17
13,1,_level_2,0.971830985915493,0.927150998931618,1,928,32
13,2,_level_1,0.15934426229508197,0.5135803415349852,1,1479,64
13,2,_level_2,0.86489898989899,0.9058692701647684,1,920,24
13,3,_level_1,0.15789473684210523,0.5497349500000925,1,1598,60
13,3,_level_2,0.8812664907651715,0.910952572285218,1,922,26
13,4,_level_1,0.20954511558538405,0.5598132555828302,1,1652,53
13,4,_level_2,0.7840909090909091,0.8976277266295999,1,921,25
13,5,_level_1,0.10350727117194183,0.5225101280376516,1,1622,54
13,5,_level_2,0.6856060606060606,0.8829282994753701,1,903,24
14,0,_level_1,0.22019675925925927,0.6542877686914008,2,1285,17
14,0,_level_2,0.2851600387972842,0.6687340344147924,1,1023,47
14,1,_level_1,0.1532677848467322,0.5903121519449912,2,1291,17
14,1,_level_2,0.958664546899841,0.9286580613036616,1,924,32
14,2,_level_1,0.17724867724867724,0.6250986643397544,1,1406,47
14,2,_level_2,0.7676767676767676,0.9360795305925194,1,918,24
14,3,_level_1,0.18190298507462688,0.5010345289896104,1,1536,61
14,3,_level_2,0.8532974427994616,0.9271917994102342,1,924,26
14,4,_level_1,0.1359724612736661,0.4968368836014212,1,1599,52
14,4,_level_2,0.8409090909090909,0.9169247771650176,1,909,24
14,5,_level_1,0.21422861710631497,0.6307764680494581,1,1594,51
14,5,_level_2,0.8863636363636364,0.968384957703494,1,900,24
15,0,_level_1,0.1155504455303248,0.520687537493794,1,1312,17
15,0,_level_2,0.2942477876106195,0.6357401362322346,1,1019,48
15,1,_level_1,0.12935753385191587,0.5916045356096996,2,1362,17
15,1,_level_2,0.9022435897435898,0.9034758405980972,1,923,34
15,2,_level_1,0.11634671320535196,0.5030701601685553,1,1471,64
15,2,_level_2,0.9053030303030304,0.9180095763118196,1,916,24
15,3,_level_1,0.1610738255033557,0.5259569623665298,1,1587,63
15,3,_level_2,0.8997326203208557,0.9177362620754704,1,908,26
15,4,_level_1,0.16040100250626566,0.5238380420630959,1,1583,52
15,4,_level_2,0.8396464646464646,0.8826466461340515,1,909,24
15,5,_level_1,0.15248525695029486,0.4890502437368845,1,1610,51
15,5,_level_2,0.8573232323232324,0.9262924781176212,1,900,24
16,0,_level_1,0.24452133794694347,0.6907427416955142,2,1283,17
16,0,_level_2,0.32808988764044944,0.6111948830474921,1,1013,62
16,1,_level_1,0.0951417004048583,0.5400499016258351,2,1355,17
16,1,_level_2,0.8413461538461539,0.89315399830575,1,916,32
16,2,_level_1,0.18095238095238095,0.644250209437976,1,1469,61
16,2,_level_2,0.7436868686868687,0.9288832572323156,2,921,24
16,3,_level_1,0.12545787545787546,0.5393086713560321,1,1556,60
16,3,_level_2,0.9492656875834444,0.9476535330916972,1,913,26
16,4,_level_1,0.158311345646438,0.5077061474384843,1,1639,54
16,4,_level_2,0.8573232323232324,0.8999630705798256,1,917,25
16,5,_level_1,0.156195462478185,0.5484523921531225,1,1587,52
16,5,_level_2,0.75,0.8843439898871879,1,906,24
17,0,_level_1,0.12699333140040592,0.4596506340877176,1,1308,17
17,0,_level_2,0.4016477857878476,0.6256654159674866,1,1040,46
17,1,_level_1,0.25289351851851855,0.6671429989139679,2,1294,17
17,1,_level_2,0.9531502423263328,0.9189006981511488,1,905,32
17,2,_level_1,0.11014263074484944,0.4818321402231057,1,1490,50
17,2,_level_2,0.7916666666666666,0.9223490537378198,1,915,24
17,3,_level_1,0.1748958953004164,0.5696785132591949,1,1580,55
17,3,_level_2,0.9439252336448598,0.9517847955368391,1,920,26
17,4,_level_1,0.21271393643031783,0.5115536347680681,1,1674,52
17,4,_level_2,0.8290816326530612,0.8424264555112078,1,913,25
17,5,_level_1,0.16342756183745585,0.5556551817614093,1,1652,53
17,5,_level_2,0.63510101010101,0.8948669210477171,1,898,24
18,0,_level_1,0.18767990788716177,0.6630420329664432,2,1331,17
18,0,_level_2,0.39260312944523473,0.67610745821456,1,1038,61
18,1,_level_1,0.27936507936507937,0.7046089681613464,2,1298,17
18,1,_level_2,0.856687898089172,0.8794270002685574,1,923,32
18,2,_level_1,0.280440414507772,0.6116178050939142,1,1421,60
18,2,_level_2,0.8775252525252525,0.9223048961583296,1,921,24
18,3,_level_1,0.13973799126637554,0.5251518328831466,1,1569,55
18,3,_level_2,0.928191489361702,0.9466163064252848,1,914,26
18,4,_level_1,0.18999151823579305,0.555229721543971,1,1612,53
18,4,_level_2,0.8674242424242424,0.9112206343323414,1,910,25
18,5,_level_1,0.2909090909090909,0.6081779889361363,1,1594,51
18,5,_level_2,0.6641414141414141,0.8839021982598625,1,902,24
19,0,_level_1,0.28901067205076436,0.7000638302939064,2,1287,17
19,0,_level_2,0.35912129894937916,0.6717779170790253,1,1022,34
19,1,_level_1,0.1678663979268644,0.5817320982432777,2,1313,17
19,1,_level_2,0.8589341692789969,0.900930941413046,1,927,32
19,2,_level_1,0.15411868910540302,0.5057623113411954,1,1493,64
19,2,_level_2,0.6994949494949495,0.9281454442800806,2,917,24
19,3,_level_1,0.16770740410347904,0.495709107319094,1,1621,60
19,3,_level_2,0.9238985313751668,0.9419619749087254,1,925,26
19,4,_level_1,0.13304721030042918,0.504045927072801,1,1593,53
19,4,_level_2,0.8358585858585859,0.8812872995585476,1,908,24
19,5,_level_1,0.1260053619302949,0.4769592404861114,1,1649,54
19,5,_level_2,0.7070707070707071,0.9319434458622392,1,899,24
20,0,_level_1,0.24121037463976944,0.6821128229890743,2,1287,17
20,0,_level_2,0.5047701647875108,0.7046369384946423,1,1023,32
20,1,_level_1,0.2132564841498559,0.6439939567300904,2,1284,17
20,1,_level_2,0.8849840255591054,0.9038914718962304,1,918,32
20,2,_level_1,0.07446808510638298,0.4343418279951703,1,1525,65
20,2,_level_2,0.7992424242424242,0.9391293745124646,1,919,24
20,3,_level_1,0.15311004784688995,0.4938983116002347,1,1575,61
20,3,_level_2,0.9601063829787234,0.9518033598239496,1,923,26
20,4,_level_1,0.17582417582417584,0.5094263120035804,1,1601,51
20,4,_level_2,0.8143939393939394,0.8778865646876712,1,919,25
20,5,_level_1,0.203125,0.5011623533751106,1,1639,53
20,5,_level_2,0.7234848484848485,0.8948143016582749,1,900,24
21,0,_level_1,0.1488078138465958,0.6332400507311603,2,1336,17
21,0,_level_2,0.3896663078579118,0.638918578715713,1,1030,49
21,1,_level_1,0.1317228805834093,0.5307785674750691,1,1343,34
21,1,_level_2,0.9712,0.9271798190508296,1,933,32
21,2,_level_1,0.1650485436893204,0.49888919098198214,1,1489,63
21,2,_level_2,0.8169191919191919,0.8965387008850414,1,919,24
21,3,_level_1,0.10760667903525048,0.5540839134984986,1,1573,58
21,3,_level_2,0.9460188933873144,0.92598631175825,1,906,28
21,4,_level_1,0.185848252344416,0.5499222267324199,1,1607,54
21,4,_level_2,0.8257575757575758,0.9140124031628266,1,907,24
21,5,_level_1,0.16371681415929204,0.527355042669254,1,1616,54
21,5,_level_2,0.7904040404040404,0.9098141638355662,1,902,24
22,0,_level_1,0.15468975468975468,0.7139946706517644,3,1301,17
22,0,_level_2,0.4618320610687023,0.624770559547942,1,1052,48
22,1,_level_1,0.28287017834923267,0.6733358470435563,1,1298,34
22,1,_level_2,0.9710144927536232,0.9308330493056456,1,928,32
22,2,_level_1,0.17871649065800163,0.5240050216757375,1,1479,65
22,2,_level_2,0.8813131313131313,0.9401475759747456,1,916,24
22,3,_level_1,0.3125,0.5736731722151437,1,1579,56
22,3,_level_2,0.9552238805970148,0.9437349744956214,1,905,28
22,4,_level_1,0.15391539153915393,0.5879408836023046,1,1594,54
22,4,_level_2,0.8093434343434344,0.9123094658790702,1,916,24
22,5,_level_1,0.15458515283842794,0.49277823555071554,1,1626,52
22,5,_level_2,0.5833333333333334,0.8520113178417269,1,900,24
23,0,_level_1,0.1083501878069922,0.5108883046670871,2,1333,17
23,0,_level_2,0.4356005788712012,0.7472390998312712,1,1058,47
23,1,_level_1,0.19482758620689655,0.6226236497140563,2,1351,17
23,1,_level_2,0.9484702093397746,0.9254562359313144,1,918,32
23,2,_level_1,0.12969525159461376,0.4272970976083279,1,1492,65
23,2,_level_2,0.8484848484848485,0.9194050883513772,1,916,24
23,3,_level_1,0.13227513227513227,0.5378260296810476,1,1606,58
23,3,_level_2,0.9384203480589024,0.9270930772553082,1,912,27
23,4,_level_1,0.14088159031979255,0.532051350290578,1,1609,53
23,4,_level_2,0.8207070707070707,0.9223644600375086,1,912,24
23,5,_level_1,0.1935483870967742,0.6076432663269282,1,1619,52
23,5,_level_2,0.7007575757575758,0.9103038696256444,2,903,24
24,0,_level_1,0.2553191489361702,0.7162437854195981,2,1288,17
24,0,_level_2,0.45808636748518206,0.6995985630871028,1,1033,47
24,1,_level_1,0.3002595904239977,0.7759369333610582,2,1268,17
24,1,_level_2,0.9395866454689984,0.902417004495502,1,917,32
24,2,_level_1,0.15946205571565802,0.5678603740013025,1,1475,47
24,2,_level_2,0.8371212121212122,0.9200158036589156,1,920,24
24,3,_level_1,0.18658892128279883,0.5329190088811573,1,1561,59
24,3,_level_2,0.9292389853137516,0.9433215706551308,1,917,26
24,4,_level_1,0.15604026845637584,0.5052701299471528,1,1609,53
24,4,_level_2,0.8598484848484849,0.8981886619870436,1,909,24
24,5,_level_1,0.14995640802092414,0.49617199827474767,1,1620,54
24,5,_level_2,0.8396464646464646,0.9566729530306254,1,898,24
25,0,_level_1,0.1828978622327791,0.6205556500290077,2,1348,34
25,0,_level_2,0.63046875,0.7870899593779025,1,1049,32
25,1,_level_1,0.16574905824398725,0.612323030432835,2,1346,17
25,1,_level_2,0.8678343949044586,0.9045679309991992,1,929,32
25,2,_level_1,0.12457912457912458,0.48991250395150654,1,1478,63
25,2,_level_2,0.8522727272727273,0.9231041398679805,1,918,24
25,3,_level_1,0.16666666666666666,0.5401114648407735,1,1584,60
25,3,_level_2,0.8758344459279038,0.9011635936656588,1,919,26
25,4,_level_1,0.14320585842148087,0.5091736117385398,1,1603,52
25,4,_level_2,0.8522727272727273,0.9147469747164256,1,912,24
25,5,_level_1,0.2047244094488189,0.6013365851953278,1,1590,52
25,5,_level_2,0.7121212121212122,0.9571685624342422,2,898,24
26,0,_level_1,0.05437284234752589,0.4130471593210465,1,1357,17
26,0,_level_2,0.2822014051522248,0.5523318515201712,1,1023,50
26,1,_level_1,0.1049011177987962,0.4729259837211841,1,1339,17
26,1,_level_2,0.9262820512820512,0.9390152308854426,1,921,32
26,2,_level_1,0.19154557463672392,0.5975408401164897,1,1439,59
26,2,_level_2,0.8573232323232324,0.9238176834163888,1,919,24
26,3,_level_1,0.12017543859649124,0.5500728237478151,1,1617,58
26,3,_level_2,0.9421813403416556,0.9484070914780628,1,915,26
26,4,_level_1,0.1576797385620915,0.5145107963716937,1,1622,53
26,4,_level_2,0.8156565656565656,0.896992104106867,1,908,24
26,5,_level_1,0.2187742435996897,0.5344605396682762,1,1620,50
26,5,_level_2,0.7929292929292929,0.9645219278529577,1,898,24
27,0,_level_1,0.3867541393314589,0.7729072899768819,2,1276,30
27,0,_level_2,0.5246913580246914,0.7516318988740849,1,1040,31
27,1,_level_1,0.1440897325280414,0.5734344198632745,2,1293,17
27,1,_level_2,0.9425837320574164,0.9524819722828172,1,918,32
27,2,_level_1,0.1878594249201278,0.5300007462469616,1,1480,59
27,2,_level_2,0.8055555555555556,0.9109465605430036,1,920,24
27,3,_level_1,0.1388101983002833,0.5369863876595276,1,1571,59
27,3,_level_2,0.9014647137150466,0.9168359183584848,1,907,26
27,4,_level_1,0.17353198948290974,0.4991802670033262,1,1596,53
27,4,_level_2,0.8131313131313131,0.9038423622002344,1,907,24
27,5,_level_1,0.185378590078329,0.5839982734022235,1,1606,52
27,5,_level_2,0.7323232323232324,0.8702416139725307,1,900,24
28,0,_level_1,0.2075308996838172,0.7104745883597645,2,1292,17
28,0,_level_2,0.4251316779533484,0.6878889056655899,1,1030,33
28,1,_level_1,0.19936526255049047,0.7056716239623552,2,1320,17
28,1,_level_2,0.9089456869009584,0.9243528680185508,1,928,32
28,2,_level_1,0.14195804195804196,0.4852198988869101,1,1472,64
28,2,_level_2,0.8093434343434344,0.9350888532864214,1,919,24
28,3,_level_1,0.21104428649535265,0.6045702029396164,1,1599,43
28,3,_level_2,0.9197860962566844,0.929200013581572,1,918,27
28,4,_level_1,0.1625207296849088,0.5842803481129212,1,1577,51
28,4,_level_2,0.8459595959595959,0.9540486719100948,1,915,24
28,5,_level_1,0.24312714776632305,0.553553672979278,1,1604,52
28,5,_level_2,0.8143939393939394,0.9132289507200584,1,891,24
29,0,_level_1,0.1891657010428737,0.6888368453244136,2,1304,17
29,0,_level_2,0.398886827458256,0.5917847221360384,1,1031,61
29,1,_level_1,0.17682576193214491,0.5077463954098888,1,1310,17
29,1,_level_2,0.8935483870967742,0.9080098201441528,1,930,32
29,2,_level_1,0.1484834766862834,0.5807316417183741,1,1461,46
29,2,_level_2,0.933080808080808,0.9537933235959332,1,920,24
29,3,_level_1,0.16260162601626016,0.547843553653526,1,1611,56
29,3,_level_2,0.8916776750330251,0.9279615091281204,1,916,26
29,4,_level_1,0.19528619528619529,0.5003684966675364,1,1623,52
29,4,_level_2,0.8409090909090909,0.9266201535396652,1,910,24
29,5,_level_1,0.14965397923875431,0.530471160168017,1,1615,53
29,5,_level_2,0.6414141414141414,0.9447501437359206,2,900,24
30,0,_level_1,0.2161849710982659,0.6738966904202454,2,1301,17
30,0,_level_2,0.3903675538656527,0.7093560151286125,1,1015,49
30,1,_level_1,0.18697781619129933,0.6565771961119601,2,1316,17
30,1,_level_2,0.9469453376205788,0.9283896235786356,1,917,32
30,2,_level_1,0.16046277665995975,0.5768825293186294,1,1448,64
30,2,_level_2,0.8106060606060606,0.8985872966433222,1,920,24
30,3,_level_1,0.1442125237191651,0.4921562414088438,1,1576,62
30,3,_level_2,0.952191235059761,0.9486750093366912,1,919,27
30,4,_level_1,0.13448844884488448,0.48037435058264344,1,1636,54
30,4,_level_2,0.803030303030303,0.9059857447611208,1,910,24
30,5,_level_1,0.14974619289340102,0.5305454170868272,1,1652,52
30,5,_level_2,0.6755050505050505,0.9124591991654908,2,898,24
31,0,_level_1,0.27277970011534025,0.7168189989696258,2,1279,17
31,0,_level_2,0.4481012658227848,0.7130244137987962,1,1022,50
31,1,_level_1,0.07525951557093426,0.4330284957109149,2,1385,17
31,1,_level_2,0.9018987341772152,0.9078291936749986,1,915,32
31,2,_level_1,0.14618973561430793,0.5840865453702848,1,1459,46
31,2,_level_2,0.8093434343434344,0.8962754404546228,1,918,24
31,3,_level_1,0.1813953488372093,0.5501568340082114,1,1554,59
31,3,_level_2,0.8924731182795699,0.8863451498565543,1,921,29
31,4,_level_1,0.1988496302382909,0.5719325865591522,1,1605,52
31,4,_level_2,0.8005050505050505,0.9399939667439792,1,913,24
31,5,_level_1,0.17335610589239966,0.5235026884547673,1,1623,54
31,5,_level_2,0.7007575757575758,0.8826906289345309,1,898,24
32,0,_level_1,0.20368239355581128,0.6532206802335583,2,1298,17
32,0,_level_2,0.5613006396588486,0.786610655131524,2,1036,31
32,1,_level_1,0.208321294423577,0.5861188251987094,2,1322,17
32,1,_level_2,0.9347133757961784,0.9259096362079609,1,924,32
32,2,_level_1,0.1788135593220339,0.5126020464231481,1,1476,64
32,2,_level_2,0.8547979797979798,0.921891599614918,1,918,24
32,3,_level_1,0.13970588235294118,0.5150878386448123,1,1585,59
32,3,_level_2,0.9215425531914894,0.9466163064252848,1,919,26
32,4,_level_1,0.18121363258520365,0.5440533261723737,1,1648,54
32,4,_level_2,0.821969696969697,0.8967003485925347,1,903,24
32,5,_level_1,0.16898954703832753,0.523564163908785,1,1638,52
32,5,_level_2,0.7727272727272727,0.9095308701311856,1,899,24
33,0,_level_1,0.23068083883941395,0.6844917019548566,2,1316,17
33,0,_level_2,0.7387616624257846,0.7502205685087102,1,1044,60
33,1,_level_1,0.26595744680851063,0.7162074047439729,2,1299,17
33,1,_level_2,0.9008130081300812,0.912184677093691,1,927,34
33,2,_level_1,0.1686226065472514,0.5596066423250252,1,1488,63
33,2,_level_2,0.8661616161616161,0.9469916339909318,1,919,24
33,3,_level_1,0.19912280701754387,0.5844960289553929,1,1610,61
33,3,_level_2,0.8980392156862745,0.9299963676300702,1,914,26
33,4,_level_1,0.19796954314720813,0.5723626505379974,1,1594,52
33,4,_level_2,0.8421717171717171,0.8972584326309653,1,910,25
33,5,_level_1,0.1545530492898914,0.527872249280114,1,1617,53
33,5,_level_2,0.8611111111111112,0.9375711388698752,1,895,24
34,0,_level_1,0.09445407279029462,0.4124436977120234,1,1383,17
34,0,_level_2,0.498159509202454,0.6497248550599404,1,1048,61
34,1,_level_1,0.4267166762839007,0.7613251179973346,2,1251,17
34,1,_level_2,0.914691943127962,0.9354102806362672,1,921,32
34,2,_level_1,0.13712223725755526,0.5517300849813846,1,1453,48
34,2,_level_2,0.6982323232323232,0.9305705247862056,2,918,24
34,3,_level_1,0.1287593984962406,0.487623523562675,1,1552,61
34,3,_level_2,0.9513797634691196,0.9651671297737316,1,911,26
34,4,_level_1,0.1447253705318221,0.5153507045947996,1,1654,53
34,4,_level_2,0.8409090909090909,0.9597513202015282,1,910,24
34,5,_level_1,0.20585774058577405,0.5363585442595724,1,1549,49
34,5,_level_2,0.7361111111111112,0.9601135519040668,2,899,24
35,0,_level_1,0.08972879399884594,0.4666986377753624,1,1361,17
35,0,_level_2,0.5217391304347826,0.7087137948479343,1,1011,50
35,1,_level_1,0.21319062771188893,0.6528107015878242,2,1292,17
35,1,_level_2,0.88,0.912143654598474,1,922,32
35,2,_level_1,0.21810971579643093,0.5927273488581108,1,1448,48
35,2,_level_2,0.8598484848484849,0.9350254882624016,1,915,24
35,3,_level_1,0.26394344069128045,0.5623451720344661,1,1565,56
35,3,_level_2,0.949796472184532,0.9478342431238173,1,903,27
35,4,_level_1,0.17459016393442622,0.5374458927438617,1,1649,53
35,4,_level_2,0.8535353535353535,0.9282264384585736,1,908,24
35,5,_level_1,0.1941830624465355,0.546447012216742,1,1553,50
35,5,_level_2,0.648989898989899,0.855333611903173,1,907,24
36,0,_level_1,0.23910550458715596,0.7068696076406569,2,1314,17
36,0,_level_2,0.4318181818181818,0.6979475027403729,1,1022,45
36,1,_level_1,0.11436016213086277,0.5747456650352578,2,1333,17
36,1,_level_2,0.8555729984301413,0.9476058455547928,1,918,32
36,2,_level_1,0.20481927710843373,0.541945005084816,1,1460,65
36,2,_level_2,0.8686868686868687,0.8864469904962707,1,917,24
36,3,_level_1,0.2063063063063063,0.529343770235767,1,1600,61
36,3,_level_2,0.9198931909212285,0.950045699873177,1,918,26
36,4,_level_1,0.15862068965517245,0.5093863354505199,1,1602,52
36,4,_level_2,0.7653061224489796,0.8684192336200092,1,917,26
36,5,_level_1,0.18845500848896435,0.5514825663349237,1,1673,52
36,5,_level_2,0.6679292929292929,0.8548854454196555,2,907,24
37,0,_level_1,0.33400751227968795,0.7486121134096534,2,1279,17
37,0,_level_2,0.4336890243902439,0.7392168299213846,2,1022,33
37,1,_level_1,0.1638631090487239,0.6031957429883149,2,1260,17
37,1,_level_2,0.848780487804878,0.8937504824564462,1,918,33
37,2,_level_1,0.12770411723656663,0.4640293465033569,1,1489,61
37,2,_level_2,0.922979797979798,0.9299757220403496,1,917,24
37,3,_level_1,0.2451071761416589,0.5593993750787968,1,1581,59
37,3,_level_2,0.9146666666666666,0.9293254450754672,1,910,26
37,4,_level_1,0.1630716134598792,0.5262621555031045,1,1596,54
37,4,_level_2,0.827020202020202,0.893300543472485,1,911,24
37,5,_level_1,0.18301610541727673,0.5709473482717575,1,1637,50
37,5,_level_2,0.672979797979798,0.8571878688706722,1,893,24
38,0,_level_1,0.10483870967741936,0.5485414172262322,2,1377,17
38,0,_level_2,0.4329140461215933,0.7690578612921259,1,1014,47
38,1,_level_1,0.29237410071942443,0.7759750013879588,2,1260,17
38,1,_level_2,0.8073248407643312,0.8318616359961445,1,914,32
38,2,_level_1,0.17153478491768454,0.5232802027198034,1,1491,33
38,2,_level_2,0.7878787878787878,0.9367456914897938,1,918,24
38,3,_level_1,0.16159860990443092,0.46559572536680693,1,1595,58
38,3,_level_2,0.9302013422818792,0.9296526153528036,1,902,26
38,4,_level_1,0.15017985611510792,0.49067586561019894,1,1624,54
38,4,_level_2,0.8181818181818182,0.941159340905972,1,911,24
38,5,_level_1,0.14112903225806453,0.5302907865357638,1,1579,51
38,5,_level_2,0.6502525252525253,0.8523488987565974,1,898,24
39,0,_level_1,0.3247986191024166,0.7623338799275281,2,1254,17
39,0,_level_2,0.4176111595466434,0.7683383049934394,1,1020,61
39,1,_level_1,0.10685752330226364,0.566891831618201,2,1365,33
39,1,_level_2,0.9022801302931596,0.9103916271388393,1,920,34
39,2,_level_1,0.1270358306188925,0.569718565178733,1,1475,34
39,2,_level_2,0.9343434343434344,0.9561996913138489,1,921,24
39,3,_level_1,0.1392156862745098,0.4598709199347255,1,1607,61
39,3,_level_2,0.9629629629629628,0.9346712643341776,1,914,27
39,4,_level_1,0.1002661934338953,0.49639147562641617,1,1637,53
39,4,_level_2,0.7941919191919192,0.9294078139101598,1,907,24
39,5,_level_1,0.20881502890173412,0.4915183665893158,1,1634,52
39,5,_level_2,0.5353535353535354,0.9136918582476,2,909,24
40,0,_level_1,0.28397212543554007,0.6719727830020085,2,1270,17
40,0,_level_2,0.5,0.7343449673145663,1,1020,47
40,1,_level_1,0.25404433792690234,0.6533382221019288,2,1297,34
40,1,_level_2,0.961783439490446,0.9406153365814204,1,914,32
40,2,_level_1,0.18126888217522655,0.5700781904355001,1,1445,64
40,2,_level_2,0.7588383838383839,0.8946324755785215,1,919,24
40,3,_level_1,0.11304836895388076,0.5153425281449151,1,1581,57
40,3,_level_2,0.9554973821989527,0.9662350690850428,1,912,26
40,4,_level_1,0.14996114996114995,0.4879955398448227,1,1619,52
40,4,_level_2,0.8131313131313131,0.9052348973134252,1,910,25
40,5,_level_1,0.16905901116427433,0.4851533556984179,1,1640,52
40,5,_level_2,0.6578282828282829,0.8813272267390431,1,909,24
41,0,_level_1,0.08789625360230548,0.4014555450371765,1,1381,17
41,0,_level_2,0.6475600309837335,0.7507217143513634,1,1045,32
41,1,_level_1,0.1906561319134318,0.6156212243644366,2,1298,34
41,1,_level_2,0.9568690095846646,0.9339318486060674,1,933,32
41,2,_level_1,0.264163372859025,0.7213268804076395,2,1422,32
41,2,_level_2,0.8371212121212122,0.8988062543959521,1,920,24
41,3,_level_1,0.17333333333333334,0.5643529682915965,1,1615,60
41,3,_level_2,0.9366576819407008,0.9480855562708396,1,905,26
41,4,_level_1,0.2139705882352941,0.5447828280086635,1,1642,53
41,4,_level_2,0.8636363636363636,0.915056474172303,1,916,24
41,5,_level_1,0.15302491103202848,0.5219292790089096,1,1628,53
41,5,_level_2,0.7878787878787878,0.9263385729123814,1,897,24
42,0,_level_1,0.16006934412019647,0.6275953264194004,2,1348,17
42,0,_level_2,0.35180995475113125,0.7439596306078047,1,1008,48
42,1,_level_1,0.341421143847487,0.7414330062623091,2,1261,17
42,1,_level_2,0.9223454833597464,0.9004101866494673,1,925,32
42,2,_level_1,0.09913793103448276,0.4847961145489127,1,1482,67
42,2,_level_2,0.8623737373737373,0.9248112659168212,1,918,24
42,3,_level_1,0.1205240174672489,0.5024176048168504,1,1592,60
42,3,_level_2,0.9474393530997304,0.928472884498774,1,917,29
42,4,_level_1,0.26595744680851063,0.6162027623127901,1,1628,48
42,4,_level_2,0.8358585858585859,0.9258330123698046,1,903,24
42,5,_level_1,0.2040990606319385,0.5371622729717973,1,1636,54
42,5,_level_2,0.8068181818181818,0.9149670781757976,1,901,24
43,0,_level_1,0.18786127167630057,0.6646908139191748,2,1314,17
43,0,_level_2,0.36571952337305225,0.6936127351290575,1,1046,47
43,1,_level_1,0.21506024096385545,0.6551874638577739,1,1329,34
43,1,_level_2,0.9011164274322168,0.943052816927774,1,929,32
43,2,_level_1,0.12051282051282051,0.472467051674176,1,1479,65
43,2,_level_2,0.8446969696969697,0.9340319057619694,1,917,24
43,3,_level_1,0.15503875968992248,0.5271275859661724,1,1630,58
43,3,_level_2,0.9144736842105264,0.9256312213794422,1,917,26
43,4,_level_1,0.09233449477351915,0.43358565652017456,1,1632,53
43,4,_level_2,0.8977272727272727,0.9277607879188812,1,908,24
43,5,_level_1,0.14964788732394366,0.5170687421936795,1,1669,53
43,5,_level_2,0.6262626262626263,0.9519899947350964,2,898,24
44,0,_level_1,0.18537708693149108,0.6068524320047605,2,1324,17
44,0,_level_2,0.4234161988773055,0.7517169985219624,1,1061,33
44,1,_level_1,0.19084853750362005,0.6230976789776478,2,1307,17
44,1,_level_2,0.9044585987261148,0.9133164028084172,1,927,32
44,2,_level_1,0.1765536723163842,0.6633264507209247,2,1423,28
44,2,_level_2,0.8876262626262627,0.9320932394382676,1,921,24
44,3,_level_1,0.2971246006389776,0.5647027355445734,1,1580,60
44,3,_level_2,0.940620782726046,0.914568243033254,1,920,28
44,4,_level_1,0.14987298899237933,0.5070936275122246,1,1632,53
44,4,_level_2,0.8813131313131313,0.8823174361741376,1,910,24
44,5,_level_1,0.16588050314465408,0.5439915319073638,1,1678,52
44,5,_level_2,0.6363636363636364,0.8876253740819942,1,903,24
45,0,_level_1,0.1944604731679169,0.6066193234709095,2,1313,17
45,0,_level_2,0.29147465437788017,0.6447553679759406,1,1024,50
45,1,_level_1,0.14653179190751445,0.5846570736399724,2,1317,17
45,1,_level_2,0.9158730158730158,0.9333878920308092,1,927,32
45,2,_level_1,0.18023255813953487,0.4604033528702174,1,1510,64
45,2,_level_2,0.9015151515151516,0.9224221713768312,1,920,24
45,3,_level_1,0.15704824976348156,0.5251497960883912,1,1620,59
45,3,_level_2,0.9490616621983914,0.9437489586791378,1,917,27
45,4,_level_1,0.14873417721518986,0.5042534856840067,1,1613,51
45,4,_level_2,0.7967171717171717,0.8842275383356073,1,910,24
45,5,_level_1,0.22203098106712563,0.5386869974008098,1,1615,51
45,5,_level_2,0.6994949494949495,0.8444915461704265,1,904,24
46,0,_level_1,0.15862068965517245,0.6095370165159464,2,1313,17
46,0,_level_2,0.3118279569892473,0.6724948768405771,1,1029,43
46,1,_level_1,0.15794041076077525,0.5749476130527444,2,1306,17
46,1,_level_2,0.9584,0.9398204907870013,1,917,32
46,2,_level_1,0.13328530259365995,0.5155840085914183,1,1463,61
46,2,_level_2,0.8383838383838383,0.9376335405550216,1,918,24
46,3,_level_1,0.12344497607655502,0.49766967546924645,1,1539,61
46,3,_level_2,0.9513513513513514,0.9466636729626224,1,896,27
46,4,_level_1,0.14897260273972604,0.5142922457546095,1,1644,53
46,4,_level_2,0.7361111111111112,0.8895148740029297,1,909,24
46,5,_level_1,0.2,0.5087598847715945,1,1629,54
46,5,_level_2,0.7196969696969697,0.8892008829025093,1,897,24
47,0,_level_1,0.2827346465816918,0.6726150584783116,2,1296,17
47,0,_level_2,0.2760942760942761,0.598814520387142,1,1023,49
47,1,_level_1,0.30910131654264456,0.6960663140331661,2,1284,17
47,1,_level_2,0.9285714285714286,0.938847739365854,1,929,32
47,2,_level_1,0.19633307868601987,0.5306607109086874,1,1467,65
47,2,_level_2,0.9494949494949496,0.956279834859474,1,918,24
47,3,_level_1,0.26653696498054474,0.6066833621672176,1,1590,62
47,3,_level_2,0.9262734584450402,0.9231191515551844,1,917,26
47,4,_level_1,0.13079470198675497,0.5285047150843076,1,1621,53
47,4,_level_2,0.8535353535353535,0.9272764531013602,1,909,24
47,5,_level_1,0.1867469879518072,0.5356407796863378,1,1643,54
47,5,_level_2,0.7070707070707071,0.8926081789047802,1,897,24
48,0,_level_1,0.08689376443418013,0.47595133823049496,1,1362,17
48,0,_level_2,0.46650998824911866,0.7062219850165933,1,1013,47
48,1,_level_1,0.23256484149855908,0.6995292965541644,2,1290,17
48,1,_level_2,0.9102564102564102,0.9236477411337646,1,919,32
48,2,_level_1,0.5272830081990387,0.7516169755207467,1,1445,29
48,2,_level_2,0.8876262626262627,0.9056778365683212,1,919,24
48,3,_level_1,0.2303473491773309,0.5234118442194925,1,1569,59
48,3,_level_2,0.8825857519788918,0.931005187974033,1,918,26
48,4,_level_1,0.1691818903891978,0.5473395186860688,1,1596,51
48,4,_level_2,0.8295454545454546,0.8890023683346805,1,912,25
48,5,_level_1,0.15965665236051502,0.5219842236996404,1,1568,52
48,5,_level_2,0.7449494949494949,0.8965015692121648,1,896,24
49,0,_level_1,0.24552798615118293,0.6772495622131786,2,1304,17
49,0,_level_2,0.3938973647711512,0.6414819566015696,1,1018,49
49,1,_level_1,0.28083989501312334,0.5565906203384037,1,1322,34
49,1,_level_2,0.9638364779874212,0.941049953158006,1,930,32
49,2,_level_1,0.25161987041036715,0.625788059626409,1,1477,34
49,2,_level_2,0.9292929292929292,0.9737061381591332,1,918,24
49,3,_level_1,0.0925925925925926,0.4653705486304689,1,1600,59
49,3,_level_2,0.9153225806451613,0.9167501450610032,1,908,27
49,4,_level_1,0.2128922815945717,0.6030653636320622,1,1647,51
49,4,_level_2,0.821969696969697,0.9050645396507032,1,907,24
49,5,_level_1,0.106928999144568,0.474706285280399,1,1590,53
49,5,_level_2,0.7575757575757576,0.917599574651255,1,898,24
50,0,_level_1,0.40797018348623854,0.7693340220324585,2,1265,17
50,0,_level_2,0.7396386822529224,0.733793702818386,1,1037,63
50,1,_level_1,0.2116661853883916,0.5969291567814923,2,1294,17
50,1,_level_2,0.9462875197472354,0.9017471666197416,1,918,32
50,2,_level_1,0.12861736334405144,0.48532811991523406,1,1431,67
50,2,_level_2,0.8522727272727273,0.9348340546659548,1,913,24
50,3,_level_1,0.15943312666076173,0.5538485523960678,1,1627,60
50,3,_level_2,0.9268617021276596,0.9576786184501334,1,910,26
50,4,_level_1,0.22177742193755004,0.5351724034604498,1,1632,52
50,4,_level_2,0.8825757575757576,0.9423612148073368,1,911,25
50,5,_level_1,0.3762446657183499,0.6051622404223014,1,1632,50
50,5,_level_2,0.6237373737373737,0.879489777973862,1,903,24
51,0,_level_1,0.07130484988452655,0.46695881388713034,1,1364,17
51,0,_level_2,0.2668621700879765,0.5745694286272128,1,1012,62
51,1,_level_1,0.17010758941552778,0.6182826755926142,2,1276,17
51,1,_level_2,0.9471153846153846,0.930454752773264,1,932,32
51,2,_level_1,0.1176470588235294,0.4266097151690914,1,1478,67
51,2,_level_2,0.8876262626262627,0.9031913253047806,1,920,24
51,3,_level_1,0.2071227741330834,0.5792418939516886,1,1560,57
51,3,_level_2,0.9141347424042272,0.9242976941024746,1,917,26
51,4,_level_1,0.1943250214961307,0.5645678736769426,1,1655,52
51,4,_level_2,0.8598484848484849,0.8993984718247826,1,911,24
51,5,_level_1,0.17914438502673796,0.5506495620925782,1,1644,52
51,5,_level_2,0.827020202020202,0.9315168994145148,1,903,24
52,0,_level_1,0.2124022022602144,0.6385555582406106,2,1321,17
52,0,_level_2,0.4418394950405771,0.6828116971101201,1,1030,33
52,1,_level_1,0.1947976878612717,0.5826159308566392,2,1321,17
52,1,_level_2,0.914516129032258,0.9130882059993656,1,919,32
52,2,_level_1,0.09465195246179968,0.5096239577599448,1,1488,60
52,2,_level_2,0.8371212121212122,0.9644653199417248,2,920,24
52,3,_level_1,0.19110690633869443,0.5755250294411052,1,1534,58
52,3,_level_2,0.9198931909212285,0.9650917432096195,1,917,26
52,4,_level_1,0.2096908939014202,0.5686377638183417,1,1626,51
52,4,_level_2,0.8345959595959596,0.9323204591040968,1,911,25
52,5,_level_1,0.17884130982367755,0.49584069837909417,1,1571,53
52,5,_level_2,0.6047979797979798,0.9519899947350964,2,895,24
53,0,_level_1,0.21171041246034036,0.6656025290678851,2,1309,17
53,0,_level_2,0.26410835214446954,0.5488352718680065,1,1052,47
53,1,_level_1,0.11197691197691198,0.540024941850667,2,1344,17
53,1,_level_2,0.8539325842696629,0.879497249905936,1,931,34
53,2,_level_1,0.16374269005847952,0.5718554279169472,1,1482,46
53,2,_level_2,0.7790404040404041,0.926749932240523,1,914,24
53,3,_level_1,0.13022113022113022,0.5704399116873905,1,1583,59
53,3,_level_2,0.9605781865965834,0.9474119466794344,1,907,26
53,4,_level_1,0.17560553633217993,0.5051223703516126,1,1599,52
53,4,_level_2,0.827020202020202,0.9126552219870984,1,904,24
53,5,_level_1,0.16536796536796536,0.5140880020018705,1,1615,54
53,5,_level_2,0.7424242424242424,0.9089062814963764,2,901,24
54,0,_level_1,0.10643207383905394,0.5678510761440496,2,1341,17
54,0,_level_2,0.28160919540229884,0.5921148042139307,1,1031,62
54,1,_level_1,0.22263824884792627,0.6385999724640151,2,1318,17
54,1,_level_2,0.8591549295774648,0.8658630509909306,1,934,32
54,2,_level_1,0.29566255471547953,0.645256764791043,1,1444,60
54,2,_level_2,0.8699494949494949,0.9221134625618824,1,919,24
54,3,_level_1,0.12797881729920563,0.521803973081689,1,1601,61
54,3,_level_2,0.9222520107238604,0.931776671522506,1,915,26
54,4,_level_1,0.1278501628664495,0.5165197014071375,1,1621,53
54,4,_level_2,0.8396464646464646,0.909782763557318,1,912,24
54,5,_level_1,0.19835390946502057,0.5232408881410644,1,1610,51
54,5,_level_2,0.6426767676767676,0.8959263748951538,1,901,24
55,0,_level_1,0.2502159516268356,0.7922907374467938,2,1296,17
55,0,_level_2,0.23695345557122707,0.5709864640993638,1,1024,62
55,1,_level_1,0.09602076124567474,0.5102480152666972,1,1364,17
55,1,_level_2,0.9168,0.8957664331336177,1,933,32
55,2,_level_1,0.25462962962962965,0.5764946272410114,1,1503,60
55,2,_level_2,0.8194444444444444,0.9376610647112048,1,918,24
55,3,_level_1,0.23574144486692017,0.606755757742131,1,1560,56
55,3,_level_2,0.9417989417989416,0.9288997505585108,1,922,26
55,4,_level_1,0.1649659863945578,0.5165097096819228,1,1623,53
55,4,_level_2,0.8295454545454546,0.9111079855740948,1,910,24
55,5,_level_1,0.2344975053456878,0.5270838773062405,1,1658,53
55,5,_level_2,0.6830808080808081,0.8511399745907915,1,901,24
56,0,_level_1,0.14314458177637251,0.6185107633922051,2,1320,17
56,0,_level_2,0.5768551236749117,0.7693417269220959,1,1033,33
56,1,_level_1,0.17479088549177962,0.5381081150062177,1,1290,17
56,1,_level_2,0.9006410256410257,0.9485186578757546,1,916,32
56,2,_level_1,0.07730337078651685,0.4965319292233251,1,1501,45
56,2,_level_2,0.8661616161616161,0.9469916339909318,1,917,24
56,3,_level_1,0.21204410517387615,0.6255112932354965,1,1566,61
56,3,_level_2,0.8981481481481481,0.9249643216852744,1,918,26
56,4,_level_1,0.1416159860990443,0.5031102273392809,1,1632,54
56,4,_level_2,0.8409090909090909,0.9194112884285583,1,908,24
56,5,_level_1,0.23233908948194665,0.5516232555444271,1,1601,50
56,5,_level_2,0.8055555555555556,0.919160715488179,1,901,24
57,0,_level_1,0.24733659660236107,0.6205839597927456,2,1305,17
57,0,_level_2,0.5199349064279902,0.720169771605091,1,1044,45
57,1,_level_1,0.22260391618000688,0.7210366524029947,1,1291,32
57,1,_level_2,0.753968253968254,0.837574656499366,1,919,32
57,2,_level_1,0.15454545454545454,0.4559280496625424,1,1498,67
57,2,_level_2,0.8156565656565656,0.929686871720352,1,917,24
57,3,_level_1,0.21760797342192692,0.6015853462170917,1,1558,60
57,3,_level_2,0.9397590361445785,0.9312517364587728,1,917,26
57,4,_level_1,0.24403387220939185,0.5594185371353029,1,1629,53
57,4,_level_2,0.8623737373737373,0.8692918424227216,1,919,25
57,5,_level_1,0.2278481012658228,0.5346993602555052,1,1589,50
57,5,_level_2,0.6628787878787878,0.9029554840627372,2,894,24
58,0,_level_1,0.08404558404558404,0.4874529948109573,2,1368,17
58,0,_level_2,0.3548009367681499,0.6456834233143842,1,1039,48
58,1,_level_1,0.1541570438799076,0.5702799479894356,2,1335,17
58,1,_level_2,0.917573872472784,0.9221974386030496,1,930,32
58,2,_level_1,0.27067014795474326,0.5479820563708038,1,1433,64
58,2,_level_2,0.8371212121212122,0.9522603579656138,1,917,24
58,3,_level_1,0.14192614047791455,0.5571720347132718,1,1587,59
58,3,_level_2,0.912398921832884,0.9203261829303486,1,907,26
58,4,_level_1,0.15761353517364202,0.557938499109593,1,1604,53
58,4,_level_2,0.8421717171717171,0.9407971092034332,1,908,24
58,5,_level_1,0.15918712955122777,0.504869681994572,1,1620,51
58,5,_level_2,0.7121212121212122,0.8571093100336289,1,894,24
59,0,_level_1,0.2971446501411986,0.7168449643195466,2,1288,31
59,0,_level_2,0.2591324200913242,0.5760345440476835,1,1040,50
59,1,_level_1,0.15018737388296338,0.5598369635946868,2,1332,17
59,1,_level_2,0.9556962025316456,0.9587536007158992,1,915,32
59,2,_level_1,0.1077534791252485,0.5237253041401546,1,1489,55
59,2,_level_2,0.8131313131313131,0.9389075115655,1,917,24
59,3,_level_1,0.22054140127388536,0.5562289491418018,1,1562,59
59,3,_level_2,0.946524064171123,0.9694041407086492,1,916,26
59,4,_level_1,0.2041522491349481,0.6091151039830657,1,1604,52
59,4,_level_2,0.8371212121212122,0.9409564393330648,1,917,24
59,5,_level_1,0.18653690186536903,0.5009479351438122,1,1646,51
59,5,_level_2,0.5959595959595959,0.8711801405717394,1,896,24
60,0,_level_1,0.21545532892846883,0.67052054307293,2,1336,17
60,0,_level_2,0.3764087152516905,0.6885783838984821,1,1051,34
60,1,_level_1,0.2743849493487699,0.6891092497108728,2,1303,17
60,1,_level_2,0.8244514106583072,0.9198116652246412,1,927,32
60,2,_level_1,0.3060538116591928,0.6762862130181093,1,1450,67
60,2,_level_2,0.8257575757575758,0.9036818601994828,1,918,24
60,3,_level_1,0.1328125,0.5107020336665018,1,1548,59
60,3,_level_2,0.92751677852349,0.942988267800197,1,905,26
60,4,_level_1,0.1976911976911977,0.4933453939957564,1,1646,50
60,4,_level_2,0.8163265306122449,0.9073307150726692,1,911,25
60,5,_level_1,0.15425531914893617,0.5350234951664093,1,1621,55
60,5,_level_2,0.7563131313131313,0.9169060643768084,1,894,24
61,0,_level_1,0.2155446402773765,0.6454143403633165,2,1343,17
61,0,_level_2,0.32070910556003224,0.7023562863710573,1,1033,32
61,1,_level_1,0.07336799537839399,0.4109291369493915,1,1361,17
61,1,_level_2,0.9747235387045814,0.916953124415747,1,934,32
61,2,_level_1,0.1534029528267915,0.6348533779329342,2,1469,46
61,2,_level_2,0.8661616161616161,0.9489177177924026,1,918,24
61,3,_level_1,0.1574539363484087,0.53826820499748,1,1566,59
61,3,_level_2,0.9574468085106383,0.9514305142064904,1,916,26
61,4,_level_1,0.16051502145922747,0.5254920067122213,1,1597,51
61,4,_level_2,0.8535353535353535,0.9066631721683032,1,909,24
61,5,_level_1,0.16795865633074936,0.5644473151060144,1,1623,54
61,5,_level_2,0.7626262626262627,0.9541709224077471,1,896,24
62,0,_level_1,0.2136231884057971,0.6377877152105655,2,1300,17
62,0,_level_2,0.3236994219653179,0.4830966696037128,1,1014,64
62,1,_level_1,0.13447725458898643,0.5528754095683754,1,1375,34
62,1,_level_2,0.9004893964110929,0.9066392448595773,1,923,34
62,2,_level_1,0.2015444015444015,0.5330721809514423,1,1458,64
62,2,_level_2,0.8661616161616161,0.9203046539789136,1,918,24
62,3,_level_1,0.10432330827067668,0.5193607875798963,1,1561,61
62,3,_level_2,0.9441489361702128,0.946989152042744,1,919,26
62,4,_level_1,0.1969309462915601,0.5051959408171016,1,1600,52
62,4,_level_2,0.8106060606060606,0.925523733569691,1,906,24
62,5,_level_1,0.2003381234150465,0.526109184627477,1,1661,52
62,5,_level_2,0.6123737373737373,0.8928437700807175,1,900,24
63,0,_level_1,0.24083769633507857,0.671798805381619,2,1303,34
63,0,_level_2,0.3548895899053628,0.707835533319036,1,1039,47
63,1,_level_1,0.1004062681369704,0.5206133536627302,2,1392,17
63,1,_level_2,0.9698890649762282,0.940727466884306,1,935,32
63,2,_level_1,0.1293218085106383,0.6178934027675849,2,1467,33
63,2,_level_2,0.8320707070707071,0.9519887808235415,1,918,24
63,3,_level_1,0.1823850350740452,0.5378536518181611,1,1593,61
63,3,_level_2,0.9501965923984272,0.9351418397014402,1,924,26
63,4,_level_1,0.1282952548330404,0.4827860400180576,1,1616,52
63,4,_level_2,0.8207070707070707,0.9397283874062888,1,904,24
63,5,_level_1,0.16694772344013492,0.5062427805039909,1,1591,51
63,5,_level_2,0.76010101010101,0.8750561088959548,1,903,24
64,0,_level_1,0.1223083548664944,0.5879245105107315,2,1315,17
64,0,_level_2,0.3043933054393305,0.6294128386309057,2,1001,44
64,1,_level_1,0.23836875358989087,0.5950597988549051,2,1308,17
64,1,_level_2,0.9622641509433962,0.9454854670408022,1,921,32
64,2,_level_1,0.172859450726979,0.6067895121427489,1,1435,59
64,2,_level_2,0.803030303030303,0.9089877158470414,1,917,24
64,3,_level_1,0.23176361957525393,0.5475148760475141,1,1581,57
64,3,_level_2,0.9231805929919138,0.929621674874286,1,912,26
64,4,_level_1,0.1801566579634465,0.5528179334235486,1,1615,53
64,4,_level_2,0.8358585858585859,0.9136418129805371,1,908,24
64,5,_level_1,0.1978565539983512,0.5515867327404758,1,1627,52
64,5,_level_2,0.7373737373737373,0.9061755424679356,2,904,24
65,0,_level_1,0.36957146965775095,0.7108053090690073,2,1261,17
65,0,_level_2,0.6928799149840595,0.7406478489359898,1,1035,46
65,1,_level_1,0.12240783410138248,0.5415462287256997,2,1376,17
65,1,_level_2,0.8630573248407644,0.912175290030918,1,911,32
65,2,_level_1,0.20316622691292877,0.5933304295752838,1,1482,65
65,2,_level_2,0.7159090909090909,0.930526222108417,2,918,24
65,3,_level_1,0.13126709206927986,0.5373777999329312,1,1587,61
65,3,_level_2,0.9578392621870884,0.9248816926399488,1,920,26
65,4,_level_1,0.1265930331350892,0.4965608936351429,1,1614,53
65,4,_level_2,0.8686868686868687,0.9605544626609824,1,906,24
65,5,_level_1,0.19377162629757785,0.5413363032909663,1,1597,51
65,5,_level_2,0.7310606060606061,0.9262208422051476,1,904,24
66,0,_level_1,0.10441767068273092,0.4152233795240612,1,1378,17
66,0,_level_2,0.4054758800521512,0.5823698335022255,1,1035,50
66,1,_level_1,0.17660818713450294,0.5500357869386538,1,1348,34
66,1,_level_2,0.8471337579617835,0.8978974571600354,1,938,32
66,2,_level_1,0.15602836879432624,0.5434155601201645,1,1469,65
66,2,_level_2,0.8156565656565656,0.9613605244864504,1,916,24
66,3,_level_1,0.1641907740422205,0.5604416972330215,1,1575,59
66,3,_level_2,0.9272486772486772,0.929216226195778,1,915,26
66,4,_level_1,0.19911894273127753,0.49335368891283826,1,1623,52
66,4,_level_2,0.8194444444444444,0.9301949550800204,1,919,24
66,5,_level_1,0.1944684528954192,0.5714989259650756,1,1598,52
66,5,_level_2,0.8169191919191919,0.892014815769208,1,902,24
67,0,_level_1,0.14805194805194805,0.533635941496684,2,1351,17
67,0,_level_2,0.43514150943396224,0.7170626236771971,1,1001,47
67,1,_level_1,0.11860068259385666,0.5284135194488461,2,1360,17
67,1,_level_2,0.9426751592356688,0.900567643646635,1,906,32
67,2,_level_1,0.15160703456640387,0.5113705467111893,1,1499,61
67,2,_level_2,0.7752525252525253,0.912123114829931,1,918,24
67,3,_level_1,0.20556309362279512,0.572014269291815,1,1568,57
67,3,_level_2,0.9549668874172186,0.9213724860355484,1,925,27
67,4,_level_1,0.17343173431734318,0.5079258778868005,1,1679,54
67,4,_level_2,0.8383838383838383,0.9379296150005964,1,911,25
67,5,_level_1,0.15789473684210523,0.5071900963127025,1,1610,52
67,5,_level_2,0.7159090909090909,0.8876380615720331,1,899,24
68,0,_level_1,0.15433526011560694,0.5569759943729886,1,1372,34
68,0,_level_2,0.2487864077669903,0.5935497259845128,1,1032,47
68,1,_level_1,0.2726483357452967,0.726533688697563,2,1286,17
68,1,_level_2,0.864951768488746,0.8960408811399938,1,930,32
68,2,_level_1,0.1527403414195867,0.5046902584444051,1,1498,63
68,2,_level_2,0.9494949494949496,0.9610752971173796,1,918,24
68,3,_level_1,0.15398886827458255,0.556912159760415,1,1582,60
68,3,_level_2,0.9203187250996016,0.8902987829411031,1,917,27
68,4,_level_1,0.17601380500431407,0.5545676046997032,1,1616,52
68,4,_level_2,0.7954545454545454,0.9269983865317974,1,919,24
68,5,_level_1,0.14648602878916173,0.5242307565059365,1,1594,52
68,5,_level_2,0.5946969696969697,0.8701623863803677,2,902,24
69,0,_level_1,0.10025929127052724,0.43329078538197474,2,1392,17
69,0,_level_2,0.413986013986014,0.7290832449361352,1,1036,50
69,1,_level_1,0.19251957089011307,0.5896116618468025,2,1320,17
69,1,_level_2,0.8982511923688394,0.9034814905434708,1,940,33
69,2,_level_1,0.06769400110071547,0.4553224440652739,1,1501,63
69,2,_level_2,0.8371212121212122,0.8988062543959521,1,917,24
69,3,_level_1,0.266617969320672,0.5687964746574856,1,1571,59
69,3,_level_2,0.9684625492772668,0.9684695172308292,1,911,26
69,4,_level_1,0.16196013289036543,0.5071908760012055,1,1581,51
69,4,_level_2,0.8068181818181818,0.9111344948738666,1,905,24
69,5,_level_1,0.12531969309462915,0.5047365747264164,1,1592,51
69,5,_level_2,0.6679292929292929,0.9096683935331508,2,897,24
70,0,_level_1,0.1712230215827338,0.56632094097644,2,1316,17
70,0,_level_2,0.5508021390374331,0.687066876792246,1,1012,48
70,1,_level_1,0.17604408352668213,0.6282315114933974,2,1292,17
70,1,_level_2,0.8789808917197452,0.8740451028616462,1,936,32
70,2,_level_1,0.09798149705634988,0.5139268623141418,1,1486,57
70,2,_level_2,0.941919191919192,0.956391124910296,1,918,24
70,3,_level_1,0.1843100189035917,0.5186385870041376,1,1567,60
70,3,_level_2,0.903485254691689,0.935120070186364,1,916,26
70,4,_level_1,0.1671111111111111,0.5268286499023139,1,1630,53
70,4,_level_2,0.875,0.9101569683403236,1,917,24
70,5,_level_1,0.12094653812445225,0.4769335078681398,1,1635,55
70,5,_level_2,0.7828282828282829,0.8983227454078636,1,901,24
71,0,_level_1,0.2417910447761194,0.6892834216262764,2,1317,32
71,0,_level_2,0.3842794759825328,0.7370976012334192,1,1058,33
71,1,_level_1,0.11588353992505045,0.5121798855207341,2,1322,17
71,1,_level_2,0.898876404494382,0.8839992034269887,1,924,32
71,2,_level_1,0.20760534429599176,0.5237539997206662,1,1507,65
71,2,_level_2,0.6944444444444444,0.9356820416429826,2,915,24
71,3,_level_1,0.3316708229426434,0.5857685516932464,1,1585,59
71,3,_level_2,0.9103078982597056,0.9271012780686234,1,902,26
71,4,_level_1,0.17395104895104896,0.5628967070685884,1,1598,52
71,4,_level_2,0.8636363636363636,0.8991720231899314,1,910,24
71,5,_level_1,0.1993817619783617,0.537083898779089,1,1617,51
71,5,_level_2,0.73989898989899,0.8818905593954475,1,901,24
72,0,_level_1,0.13184828416616495,0.5337155456381264,1,1348,34
72,0,_level_2,0.5057142857142857,0.7331997551341232,1,1006,34
72,1,_level_1,0.12521440823327615,0.597449474508017,2,1332,17
72,1,_level_2,0.9182692307692308,0.9410571895065858,1,911,32
72,2,_level_1,0.21244855967078188,0.5789089827757767,2,1454,61
72,2,_level_2,0.9267676767676768,0.9732156032644308,1,920,24
72,3,_level_1,0.27440147329650094,0.5873553901387404,1,1551,59
72,3,_level_2,0.9171122994652406,0.95994715061674,1,917,26
72,4,_level_1,0.1579778830963665,0.5367284931595108,1,1634,51
72,4,_level_2,0.821969696969697,0.9393501544141566,1,908,24
72,5,_level_1,0.1961970613656007,0.5353617882111298,1,1618,54
72,5,_level_2,0.6325757575757576,0.8455631928515821,1,895,24
73,0,_level_1,0.09979751229389644,0.500759151341347,2,1353,17
73,0,_level_2,0.6742493175614195,0.8124792794434501,1,1039,32
73,1,_level_1,0.12351750072317036,0.5301900748773394,2,1318,17
73,1,_level_2,0.8492063492063492,0.8860849820209478,1,935,32
73,2,_level_1,0.09516380655226209,0.5432803259265231,1,1454,62
73,2,_level_2,0.88510101010101,0.944122255534497,1,919,24
73,3,_level_1,0.135013501350135,0.5122786565367936,1,1576,61
73,3,_level_2,0.9235924932975872,0.9404814614607973,1,910,26
73,4,_level_1,0.12906057945566285,0.5224855570440036,1,1643,53
73,4,_level_2,0.8345959595959596,0.9275809659169344,1,906,24
73,5,_level_1,0.14486754966887416,0.5427969491823075,1,1620,51
73,5,_level_2,0.5,0.8633517876945052,1,898,24
74,0,_level_1,0.17408906882591094,0.557537344116953,1,1295,17
74,0,_level_2,0.25824175824175827,0.6384494700226491,1,1039,34
74,1,_level_1,0.226447709593777,0.6109027739134605,2,1282,17
74,1,_level_2,0.8666666666666667,0.8953854161313732,1,921,34
74,2,_level_1,0.13457556935817805,0.4659201479143291,1,1478,60
74,2,_level_2,0.9116161616161615,0.9522776311435396,1,918,24
74,3,_level_1,0.14721254355400698,0.5094953493687879,1,1584,59
74,3,_level_2,0.9093333333333332,0.9352033818788972,1,905,26
74,4,_level_1,0.16750418760469013,0.5591816728131046,1,1645,51
74,4,_level_2,0.8181818181818182,0.8986140588644235,1,916,25
74,5,_level_1,0.19261213720316625,0.5122681183958775,1,1626,52
74,5,_level_2,0.7929292929292929,0.8676092625953715,1,899,24
75,0,_level_1,0.19217491369390105,0.6455102447022514,2,1269,17
75,0,_level_2,0.45482866043613707,0.7997666166800924,2,1049,33
75,1,_level_1,0.18540945790080737,0.5466562732270426,2,1294,17
75,1,_level_2,0.8498402555910544,0.8977715931591559,1,927,32
75,2,_level_1,0.10233160621761658,0.47221834882841063,1,1505,63
75,2,_level_2,0.8169191919191919,0.8971189868420623,1,919,24
75,3,_level_1,0.189873417721519,0.5577013903476928,1,1576,60
75,3,_level_2,0.9318181818181818,0.9517762244996186,1,914,26
75,4,_level_1,0.16171328671328672,0.5106928973002078,1,1645,53
75,4,_level_2,0.7908163265306123,0.848428454263355,1,919,26
75,5,_level_1,0.216076058772688,0.6367657549466468,1,1605,52
75,5,_level_2,0.6893939393939394,0.9277769655684978,1,898,24
76,0,_level_1,0.13876967095851217,0.5652591409004017,2,1313,17
76,0,_level_2,0.2907523510971787,0.6042966554685786,1,1028,32
76,1,_level_1,0.1008962127782596,0.4923790519175526,2,1374,17
76,1,_level_2,0.9571428571428572,0.9484124431952342,1,926,32
76,2,_level_1,0.1686046511627907,0.5431869941337212,1,1481,63
76,2,_level_2,0.8661616161616161,0.9469916339909318,1,919,24
76,3,_level_1,0.09621993127147768,0.4656289492564323,1,1584,59
76,3,_level_2,0.9276139410187668,0.9214368240931996,1,918,26
76,4,_level_1,0.1719022687609075,0.5483110571894236,1,1600,52
76,4,_level_2,0.7058080808080808,0.857949574949831,1,915,25
76,5,_level_1,0.1977582065652522,0.5326871344945229,1,1650,54
76,5,_level_2,0.7335858585858586,0.8855536249459157,1,900,24
77,0,_level_1,0.18307567127746135,0.5895374301526826,1,1287,34
77,0,_level_2,0.4609053497942387,0.6836337271127737,1,1041,48
77,1,_level_1,0.1320046216060081,0.5194599536181606,2,1345,17
77,1,_level_2,0.8808373590982287,0.9108470686507006,1,926,32
77,2,_level_1,0.108604407135362,0.5306085042170421,2,1445,17
77,2,_level_2,0.8762626262626263,0.975978390907134,1,915,24
77,3,_level_1,0.1558339859044636,0.5229383208993515,1,1636,60
77,3,_level_2,0.9114093959731544,0.9271483682437336,1,920,26
77,4,_level_1,0.17898486197684774,0.5578898667908321,1,1630,54
77,4,_level_2,0.8232323232323232,0.9329666141609216,1,909,24
77,5,_level_1,0.23397435897435895,0.5804948810569324,1,1624,52
77,5,_level_2,0.7525252525252525,0.8795845135954172,1,900,24
78,0,_level_1,0.10655501010684378,0.5152530608707229,2,1340,17
78,0,_level_2,0.5172109443954104,0.7938140039538204,1,1032,33
78,1,_level_1,0.3004613610149942,0.7305871956286889,2,1260,17
78,1,_level_2,0.9095238095238096,0.9017597503517604,1,930,32
78,2,_level_1,0.16716958358479178,0.4987211637951446,1,1502,61
78,2,_level_2,0.8598484848484849,0.944122255534497,1,920,24
78,3,_level_1,0.14995224450811842,0.4713745838176675,1,1554,62
78,3,_level_2,0.9685452162516384,0.9701810023178276,1,915,26
78,4,_level_1,0.1574539363484087,0.5247654598799009,1,1626,52
78,4,_level_2,0.8358585858585859,0.8901734612012491,1,910,24
78,5,_level_1,0.13005272407732865,0.4624346645012356,1,1626,53
78,5,_level_2,0.7525252525252525,0.9614798556180888,2,901,24
79,0,_level_1,0.2489208633093525,0.7403861940734968,2,1289,17
79,0,_level_2,0.6051560379918589,0.7012549243646948,1,1034,48
79,1,_level_1,0.18945538818076477,0.633276821498262,2,1317,17
79,1,_level_2,0.9857369255150554,0.951942420155334,1,926,32
79,2,_level_1,0.2521087160262418,0.4994787927876294,1,1506,68
79,2,_level_2,0.7777777777777778,0.9577988048696746,2,919,24
79,3,_level_1,0.17953667953667954,0.578618862930433,1,1585,60
79,3,_level_2,0.9515477792732168,0.9662570670291882,1,892,26
79,4,_level_1,0.14430379746835442,0.5031810150658667,1,1614,53
79,4,_level_2,0.8156565656565656,0.8997703756036477,1,910,24
79,5,_level_1,0.15343915343915343,0.5018424743901292,1,1649,53
79,5,_level_2,0.7361111111111112,0.8805233973415054,1,905,24
80,0,_level_1,0.07761107905366417,0.4765156717302253,1,1320,17
80,0,_level_2,0.5600691443388073,0.7557347112436781,1,1026,33
80,1,_level_1,0.15112037519541427,0.526747083278365,1,1382,34
80,1,_level_2,0.9182692307692308,0.9116808284530986,1,923,32
80,2,_level_1,0.1574028529267093,0.5554164938373022,1,1423,34
80,2,_level_2,0.827020202020202,0.9349728688729596,1,919,24
80,3,_level_1,0.15335169880624427,0.5600599609367897,1,1586,60
80,3,_level_2,0.925531914893617,0.9478726132067048,1,917,26
80,4,_level_1,0.20475020475020475,0.5538337351072115,1,1615,52
80,4,_level_2,0.8282828282828283,0.9045794365741756,1,913,25
80,5,_level_1,0.25363489499192243,0.5333480290185177,1,1608,52
80,5,_level_2,0.6616161616161617,0.8657706681234487,1,895,24
81,0,_level_1,0.19297200714711135,0.5634753184740583,1,1346,34
81,0,_level_2,0.5814917127071824,0.697951604584643,1,1003,47
81,1,_level_1,0.2586696986924389,0.78292073898202,2,1295,17
81,1,_level_2,0.8037974683544303,0.9127405616119014,1,912,32
81,2,_level_1,0.20591039084842708,0.5001127832454222,1,1469,65
81,2,_level_2,0.9002525252525253,0.9493281091414796,1,919,24
81,3,_level_1,0.1789568345323741,0.5622585154351515,1,1533,60
81,3,_level_2,0.8911022576361222,0.9120328885935658,1,918,27
81,4,_level_1,0.26009316770186336,0.5277668863666689,1,1634,52
81,4,_level_2,0.8005050505050505,0.91971505145426,1,913,24
81,5,_level_1,0.14136125654450263,0.4759074308758918,1,1622,53
81,5,_level_2,0.6212121212121212,0.9301578754480416,2,896,24
82,0,_level_1,0.24407171775592829,0.5752186525807105,1,1304,17
82,0,_level_2,0.4656301145662848,0.7815196311356775,2,1034,32
82,1,_level_1,0.11278631487387648,0.49168553206944376,2,1335,17
82,1,_level_2,0.930379746835443,0.93911880593384,1,922,32
82,2,_level_1,0.1331934976402727,0.5952462756058737,1,1476,59
82,2,_level_2,0.8446969696969697,0.9345624775238828,1,915,24
82,3,_level_1,0.17984361424847958,0.5505930966412664,1,1579,59
82,3,_level_2,0.9244031830238728,0.9470116995652498,1,915,26
82,4,_level_1,0.15696649029982362,0.5512174093753978,1,1583,53
82,4,_level_2,0.7992424242424242,0.9036347996981988,1,920,25
82,5,_level_1,0.19186046511627908,0.5246501528680242,1,1595,50
82,5,_level_2,0.8497474747474747,0.8824723109365192,1,904,24
83,0,_level_1,0.09386697379786928,0.4551356168184223,2,1368,17
83,0,_level_2,0.3814773980154355,0.6376866534534484,1,1014,46
83,1,_level_1,0.20144927536231885,0.6544522738256588,2,1294,17
83,1,_level_2,0.9244372990353698,0.9182112958531952,1,913,32
83,2,_level_1,0.2992081447963801,0.6187918133102359,1,1473,61
83,2,_level_2,0.8106060606060606,0.9452344738696742,2,917,24
83,3,_level_1,0.2097777777777778,0.5752217807262265,1,1573,59
83,3,_level_2,0.9417218543046356,0.944659673690898,1,919,27
83,4,_level_1,0.1431111111111111,0.5276381210222256,1,1639,53
83,4,_level_2,0.8303571428571429,0.8650503178250013,1,909,25
83,5,_level_1,0.1171875,0.5094947647594217,1,1621,53
83,5,_level_2,0.672979797979798,0.8848610855992,1,904,24
84,0,_level_1,0.1395617070357555,0.5545991828190447,2,1309,17
84,0,_level_2,0.494902687673772,0.7779136754636754,1,1031,33
84,1,_level_1,0.13167773606699393,0.5817463083586489,2,1321,17
84,1,_level_2,0.9556259904912836,0.9520938366975183,1,930,32
84,2,_level_1,0.22146507666098808,0.5286565817017354,1,1481,62
84,2,_level_2,0.8952020202020202,0.9537374791348474,1,916,24
84,3,_level_1,0.14915572232645402,0.5087801130524818,1,1548,59
84,3,_level_2,0.8670212765957447,0.916412982157845,1,910,26
84,4,_level_1,0.17834394904458598,0.5689766039534883,1,1636,51
84,4,_level_2,0.821969696969697,0.9393501544141566,1,916,24
84,5,_level_1,0.1800327332242226,0.5284265756089876,1,1619,51
84,5,_level_2,0.7651515151515151,0.9577258505668924,1,897,24
85,0,_level_1,0.10257879656160458,0.457296192939207,1,1362,17
85,0,_level_2,0.361576354679803,0.747076664016587,2,1016,38
85,1,_level_1,0.08881199538638986,0.5004503206693485,2,1352,17
85,1,_level_2,0.8793650793650793,0.9420438114501898,1,929,32
85,2,_level_1,0.15469208211143695,0.4737236659524917,1,1478,64
85,2,_level_2,0.7941919191919192,0.9391293745124646,1,919,24
85,3,_level_1,0.2561436672967864,0.5734912493435916,1,1565,60
85,3,_level_2,0.9018817204301076,0.9118245793417948,1,925,27
85,4,_level_1,0.2368804664723032,0.5667076341722013,1,1612,51
85,4,_level_2,0.8333333333333334,0.9437087832022112,1,908,24
85,5,_level_1,0.18061674008810572,0.5237194070039419,1,1673,52
85,5,_level_2,0.797979797979798,0.921488379270753,1,896,24
86,0,_level_1,0.21445639187574672,0.6056814325455192,1,1343,34
86,0,_level_2,0.5726290516206483,0.7481964979170208,1,1037,32
86,1,_level_1,0.2803117782909931,0.6926406021485101,2,1294,17
86,1,_level_2,0.8484848484848485,0.933899599134917,1,921,32
86,2,_level_1,0.2038095238095238,0.5139412931959411,1,1457,66
86,2,_level_2,0.9406565656565656,0.9514042290559434,1,920,24
86,3,_level_1,0.2220484753713839,0.5830949060168327,1,1587,63
86,3,_level_2,0.9354413702239788,0.9252705716346452,1,912,26
86,4,_level_1,0.15834038950042337,0.5062665016573971,1,1602,52
86,4,_level_2,0.798469387755102,0.857676043916223,1,911,25
86,5,_level_1,0.2880970432145565,0.5233140174014693,1,1635,52
86,5,_level_2,0.6742424242424242,0.8854044146623552,1,899,24
87,0,_level_1,0.14562825709322524,0.5828789174985156,2,1309,17
87,0,_level_2,0.3943789664551224,0.6855086324813101,1,1029,33
87,1,_level_1,0.09950824414231992,0.5274672357084038,1,1339,17
87,1,_level_2,0.8835725677830941,0.893407643387715,1,918,32
87,2,_level_1,0.15484922575387122,0.5113912330763635,1,1506,66
87,2,_level_2,0.9166666666666666,0.9320932394382676,1,920,24
87,3,_level_1,0.19566960705693665,0.5719928527819096,1,1547,58
87,3,_level_2,0.954367666232073,0.9413988841918302,1,915,26
87,4,_level_1,0.2018659881255301,0.5117225872540008,1,1620,52
87,4,_level_2,0.8585858585858586,0.9305877979641312,1,912,24
87,5,_level_1,0.13781512605042018,0.4991433260640489,1,1627,53
87,5,_level_2,0.6565656565656566,0.9507868999418528,2,898,24
88,0,_level_1,0.19833524684270953,0.6750017998486794,2,1302,17
88,0,_level_2,0.7139722019019751,0.7738333483688642,1,1025,33
88,1,_level_1,0.2027689645226421,0.5970324553100961,2,1305,17
88,1,_level_2,0.9047619047619048,0.8917796770136414,1,913,34
88,2,_level_1,0.12073272273105744,0.46726784286402834,1,1523,58
88,2,_level_2,0.8623737373737373,0.9248112659168212,1,919,24
88,3,_level_1,0.1761467889908257,0.5365460199708334,1,1577,59
88,3,_level_2,0.9215425531914894,0.9240403172367532,1,916,26
88,4,_level_1,0.18334735071488645,0.5076600063023701,1,1592,52
88,4,_level_2,0.8459595959595959,0.8789236123687673,1,907,24
88,5,_level_1,0.21155480033984708,0.5412194514720259,1,1572,50
88,5,_level_2,0.61489898989899,0.9243724492950336,2,895,24
89,0,_level_1,0.20531331215708923,0.6468069116547795,2,1296,17
89,0,_level_2,0.6459684893419834,0.7478428189588084,1,1047,48
89,1,_level_1,0.10877091748413156,0.5398860882591985,2,1338,17
89,1,_level_2,0.9746031746031746,0.9240287067528038,1,907,32
89,2,_level_1,0.21314741035856577,0.6380538284497907,1,1447,43
89,2,_level_2,0.898989898989899,0.9107448759682992,1,919,24
89,3,_level_1,0.16528162511542013,0.5450877391775428,1,1553,61
89,3,_level_2,0.892904953145917,0.925602511641575,1,920,26
89,4,_level_1,0.17779632721202004,0.5173467590408585,1,1627,52
89,4,_level_2,0.8257575757575758,0.9111156991327178,1,911,24
89,5,_level_1,0.1310763888888889,0.4843022809541314,1,1617,53
89,5,_level_2,0.6843434343434344,0.8564329278388099,1,901,24
90,0,_level_1,0.19257460097154755,0.7289172702153391,2,1334,34
90,0,_level_2,0.3514285714285714,0.554611786862014,1,1030,62
90,1,_level_1,0.19873089126045573,0.6748757968679953,2,1306,17
90,1,_level_2,0.8775834658187599,0.8919532035696643,1,922,32
90,2,_level_1,0.14271457085828343,0.5572511969236438,1,1454,60
90,2,_level_2,0.8434343434343434,0.9345624775238828,1,917,24
90,3,_level_1,0.14184897671136204,0.4657227216119213,1,1611,60
90,3,_level_2,0.9601593625498008,0.9351907921791568,1,920,27
90,4,_level_1,0.13142375737152484,0.48581744057163934,1,1610,52
90,4,_level_2,0.8443877551020408,0.9108054726648636,1,913,25
90,5,_level_1,0.1500441306266549,0.5672940777553908,1,1639,53
90,5,_level_2,0.6464646464646465,0.8891052256665513,1,897,24
91,0,_level_1,0.1613933236574746,0.6299402135533863,2,1340,17
91,0,_level_2,0.5018820577164367,0.6598423021163276,1,1020,62
91,1,_level_1,0.1939306358381503,0.670934951318086,2,1337,17
91,1,_level_2,0.9600614439324116,0.9297620434995456,1,918,32
91,2,_level_1,0.11695906432748536,0.5025374579069147,1,1476,63
91,2,_level_2,0.7803030303030303,0.9228152895479826,2,915,24
91,3,_level_1,0.1470335339638865,0.48433680222453646,1,1589,61
91,3,_level_2,0.9441489361702128,0.9422051600277968,1,924,26
91,4,_level_1,0.15452151009657594,0.5559610193420468,1,1607,52
91,4,_level_2,0.827020202020202,0.9191979169722586,1,915,24
91,5,_level_1,0.17221770917952883,0.5399350018545828,1,1642,52
91,5,_level_2,0.7045454545454546,0.8965014241138666,1,898,24
92,0,_level_1,0.2342576545349509,0.6861230446528562,2,1303,17
92,0,_level_2,0.43319268635724334,0.656887921894669,1,1033,48
92,1,_level_1,0.25887445887445887,0.6925889315595193,2,1283,17
92,1,_level_2,0.8500797448165869,0.8771054890605305,1,924,32
92,2,_level_1,0.09155766944114148,0.4972369348799338,1,1486,61
92,2,_level_2,0.8888888888888888,0.9305877979641312,1,918,24
92,3,_level_1,0.22473867595818817,0.5535222197343325,1,1578,61
92,3,_level_2,0.916445623342175,0.947885955919164,1,909,26
92,4,_level_1,0.12762384550797648,0.4943589678426285,1,1629,54
92,4,_level_2,0.8106060606060606,0.8679536356318931,1,909,24
92,5,_level_1,0.2204789430222956,0.5276943197957634,1,1579,50
92,5,_level_2,0.648989898989899,0.9370514960342722,1,899,24
93,0,_level_1,0.17406340057636888,0.6607791864270425,2,1279,17
93,0,_level_2,0.766213389121339,0.8448830716471128,1,1048,27
93,1,_level_1,0.4038128249566724,0.7810718248486838,2,1259,17
93,1,_level_2,0.9113924050632912,0.9088809092948672,1,921,32
93,2,_level_1,0.22187076366922728,0.6472983603747278,2,1446,62
93,2,_level_2,0.8573232323232324,0.9056778365683212,1,918,24
93,3,_level_1,0.20303468208092484,0.5461592871586156,1,1606,58
93,3,_level_2,0.94496644295302,0.9662646914363078,1,901,26
93,4,_level_1,0.16531604538087522,0.574906397319318,1,1626,52
93,4,_level_2,0.8055555555555556,0.9090351683093784,1,917,24
93,5,_level_1,0.1806201550387597,0.5382625130902159,1,1637,53
93,5,_level_2,0.7424242424242424,0.8486056909876045,1,896,24
94,0,_level_1,0.12590239676581,0.5195794777431257,2,1353,17
94,0,_level_2,0.677992277992278,0.7845224171496576,1,1033,32
94,1,_level_1,0.1323529411764706,0.5744745702703828,2,1330,17
94,1,_level_2,0.9171974522292994,0.9152643018774068,1,923,32
94,2,_level_1,0.13081650570676032,0.6184651308613497,2,1445,33
94,2,_level_2,0.9267676767676768,0.9321733829838929,1,915,24
94,3,_level_1,0.14856646394439618,0.5095844044455496,1,1538,60
94,3,_level_2,0.9684625492772668,0.968574836695767,1,921,26
94,4,_level_1,0.1665257819103973,0.5226690303697743,1,1607,54
94,4,_level_2,0.7878787878787878,0.9224672464131998,1,913,25
94,5,_level_1,0.1447841726618705,0.5107244434712892,1,1637,53
94,5,_level_2,0.5555555555555556,0.8829880049096567,1,897,24
95,0,_level_1,0.16365336658354115,0.614950518334884,2,1334,31
95,0,_level_2,0.26337448559670784,0.6025750755037693,1,1022,47
95,1,_level_1,0.2524666279744631,0.5673453792911436,1,1287,17
95,1,_level_2,0.9390048154093098,0.9554323098085236,1,920,32
95,2,_level_1,0.17064606741573032,0.564466283874901,1,1454,63
95,2,_level_2,0.8042929292929293,0.8946324755785215,1,919,24
95,3,_level_1,0.2088607594936709,0.5869148553973192,1,1541,55
95,3,_level_2,0.945260347129506,0.9481388724841882,1,916,26
95,4,_level_1,0.16637630662020905,0.5106496852339468,1,1596,52
95,4,_level_2,0.8535353535353535,0.9287925190791556,1,912,24
95,5,_level_1,0.18400687876182287,0.5203049955649124,1,1602,51
95,5,_level_2,0.7045454545454546,0.8998058918752675,1,898,24
96,0,_level_1,0.3675238370413175,0.7757075635827875,2,1240,17
96,0,_level_2,0.45942571785268416,0.7053444383514775,1,1040,47
96,1,_level_1,0.21626297577854672,0.6631220118271423,2,1300,17
96,1,_level_2,0.9363057324840764,0.9054042531905746,1,927,32
96,2,_level_1,0.1682403433476395,0.5163619514500892,1,1451,64
96,2,_level_2,0.8876262626262627,0.9077953539662392,1,920,24
96,3,_level_1,0.18570102135561745,0.5463033354916351,1,1551,60
96,3,_level_2,0.9111405835543768,0.9195615978289092,1,917,26
96,4,_level_1,0.14334763948497853,0.4982880666044529,1,1626,55
96,4,_level_2,0.8787878787878788,0.902809620428645,1,918,25
96,5,_level_1,0.16623376623376623,0.568571480351326,1,1644,52
96,5,_level_2,0.7702020202020202,0.8907864679222709,1,896,24
97,0,_level_1,0.22988174214017884,0.6199655364995129,2,1321,17
97,0,_level_2,0.3974576271186441,0.6541998891055918,1,1023,33
97,1,_level_1,0.20074992789154888,0.6236706842422357,2,1311,17
97,1,_level_2,0.9457735247208932,0.937689988693618,1,921,32
97,2,_level_1,0.1299254526091587,0.498368648224117,1,1481,65
97,2,_level_2,0.7954545454545454,0.958861883899673,1,919,24
97,3,_level_1,0.16172506738544473,0.5149588482579164,1,1545,61
97,3,_level_2,0.8823529411764706,0.9369189135497544,1,916,26
97,4,_level_1,0.1594571670907549,0.507172203079431,1,1655,53
97,4,_level_2,0.7664141414141414,0.9002552232652064,1,905,25
97,5,_level_1,0.23463317911434237,0.5399234485557126,1,1627,51
97,5,_level_2,0.7171717171717171,0.8932071776500103,1,900,24
98,0,_level_1,0.18875502008032127,0.6788683021263527,2,1295,17
98,0,_level_2,0.3770053475935829,0.6463439442168465,1,991,62
98,1,_level_1,0.22083936324167872,0.7104047066650071,2,1303,17
98,1,_level_2,0.9557661927330172,0.9195381084967474,1,918,32
98,2,_level_1,0.1272264631043257,0.48018352369267736,1,1507,63
98,2,_level_2,0.7803030303030303,0.8961007853797813,1,917,24
98,3,_level_1,0.23179396092362345,0.5474731544593652,1,1585,60
98,3,_level_2,0.925,0.926202020681496,1,915,26
98,4,_level_1,0.133276740237691,0.5304142960511347,1,1615,53
98,4,_level_2,0.8409090909090909,0.8852037964586397,1,914,25
98,5,_level_1,0.16020236087689713,0.5177079457802576,1,1603,52
98,5,_level_2,0.7095959595959596,0.8925136673755638,1,897,24
99,0,_level_1,0.0811044003451251,0.4830973907991154,2,1359,17
99,0,_level_2,0.4682926829268293,0.7436271750592061,1,1033,48
99,1,_level_1,0.10592976396085205,0.5246199447711337,2,1320,17
99,1,_level_2,0.9678456591639872,0.9622161275244732,1,916,32
99,2,_level_1,0.12253756260434057,0.531745928707815,1,1454,44
99,2,_level_2,0.7626262626262627,0.912519458072726,1,921,24
99,3,_level_1,0.15611061552185548,0.5145470749921273,1,1568,61
99,3,_level_2,0.9409395973154362,0.9478100921833096,1,905,26
99,4,_level_1,0.21045197740112995,0.5647323478798711,1,1635,50
99,4,_level_2,0.8295454545454546,0.9462181768675828,1,909,24
99,5,_level_1,0.1696927374301676,0.4945372717572122,1,1641,51
99,5,_level_2,0.6388888888888888,0.9116200117841082,1,899,24
100,0,_level_1,0.14359563469270534,0.608629862732956,2,1316,17
100,0,_level_2,0.3258026159334126,0.7352143783965969,1,1022,48
100,1,_level_1,0.12831188493565482,0.5880879615175215,2,1378,34
100,1,_level_2,0.803486529318542,0.9052583229181412,1,918,32
100,2,_level_1,0.4630515683147262,0.7076425531025121,1,1403,62
100,2,_level_2,0.8497474747474747,0.9206451527606228,1,920,24
100,3,_level_1,0.14119922630560927,0.499158274259575,1,1574,58
100,3,_level_2,0.975130890052356,0.9611537636507642,1,910,26
100,4,_level_1,0.18288590604026847,0.5229583657664744,1,1663,53
100,4,_level_2,0.8056628056628057,0.8902660588420044,1,910,26
100,5,_level_1,0.13213448006254885,0.5138449138511059,1,1640,52
100,5,_level_2,0.5429292929292929,0.924215245951722,2,902,24
